,Archivo,Palabra
0,14796-8.txt,dr
1,14796-8.txt,jose
2,14796-8.txt,rizal
3,14796-8.txt,consejo
4,14796-8.txt,dioses
5,14796-8.txt,recuerdo
6,14796-8.txt,pasado
7,14796-8.txt,entro
8,14796-8.txt,porvenir
9,14796-8.txt,alegoria
10,14796-8.txt,arreglada
11,14796-8.txt,forma
12,14796-8.txt,teatral
13,14796-8.txt,lope
14,14796-8.txt,blas
15,14796-8.txt,hucapte
16,14796-8.txt,imprenta
17,14796-8.txt,taller
18,14796-8.txt,encuadernacion
19,14796-8.txt,dia
20,14796-8.txt,filipino
21,14796-8.txt,calle
22,14796-8.txt,sacristia
23,14796-8.txt,num
24,14796-8.txt,santa
25,14796-8.txt,cruz
26,14796-8.txt,manila
27,14796-8.txt,if
28,14796-8.txt,consejo
29,14796-8.txt,dioses
30,14796-8.txt,juicio
31,14796-8.txt,critico
32,14796-8.txt,certamen
33,14796-8.txt,literario
34,14796-8.txt,conmemorar
35,14796-8.txt,cclxiv
36,14796-8.txt,aniversario
37,14796-8.txt,inmortal
38,14796-8.txt,cervantes
39,14796-8.txt,celebro
40,14796-8.txt,liceo
41,14796-8.txt,artistico
42,14796-8.txt,literario
43,14796-8.txt,manila
44,14796-8.txt,abril
45,14796-8.txt,concedio
46,14796-8.txt,premio
47,14796-8.txt,mejor
48,14796-8.txt,composiciones
49,14796-8.txt,prosa
50,14796-8.txt,sortija
51,14796-8.txt,camafeo
52,14796-8.txt,lleva
53,14796-8.txt,busto
54,14796-8.txt,cervantes
55,14796-8.txt,referirse
56,14796-8.txt,resultado
57,14796-8.txt,obtenido
58,14796-8.txt,certamen
59,14796-8.txt,abierto
60,14796-8.txt,aniversario
61,14796-8.txt,despues
62,14796-8.txt,senalar
63,14796-8.txt,habian
64,14796-8.txt,presentado
65,14796-8.txt,pliegos
66,14796-8.txt,cuales
67,14796-8.txt,rechazados
68,14796-8.txt,menos
69,14796-8.txt,llevaban
70,14796-8.txt,numeros
71,14796-8.txt,dice
72,14796-8.txt,jurado
73,14796-8.txt,leidos
74,14796-8.txt,ambos
75,14796-8.txt,trabajos
76,14796-8.txt,suscriben
77,14796-8.txt,vacilado
78,14796-8.txt,adjudicacion
79,14796-8.txt,premio
80,14796-8.txt,atendida
81,14796-8.txt,superioridad
82,14796-8.txt,alegoria
83,14796-8.txt,marcada
84,14796-8.txt,numero
85,14796-8.txt,despues
86,14796-8.txt,hacer
87,14796-8.txt,estracto
88,14796-8.txt,trabajo
89,14796-8.txt,consejo
90,14796-8.txt,dioses
91,14796-8.txt,cuyo
92,14796-8.txt,lema
93,14796-8.txt,recuerdo
94,14796-8.txt,pasado
95,14796-8.txt,entro
96,14796-8.txt,porvenir
97,14796-8.txt,expresa
98,14796-8.txt,asi
99,14796-8.txt,ve
100,14796-8.txt,idea
101,14796-8.txt,argumento
102,14796-8.txt,obrita
103,14796-8.txt,gran
104,14796-8.txt,originalidad
105,14796-8.txt,debe
106,14796-8.txt,anadirse
107,14796-8.txt,circunstancia
108,14796-8.txt,brillar
109,14796-8.txt,toda
110,14796-8.txt,estilo
111,14796-8.txt,correcto
112,14796-8.txt,sumo
113,14796-8.txt,admirable
114,14796-8.txt,riqueza
115,14796-8.txt,detalles
116,14796-8.txt,delicadeza
117,14796-8.txt,pensamientos
118,14796-8.txt,figuras
119,14796-8.txt,fin
120,14796-8.txt,sabor
121,14796-8.txt,tan
122,14796-8.txt,helenico
123,14796-8.txt,figura
124,14796-8.txt,lector
125,14796-8.txt,encontrarse
126,14796-8.txt,saboreando
127,14796-8.txt,algun
128,14796-8.txt,delicioso
129,14796-8.txt,pasage
130,14796-8.txt,homero
131,14796-8.txt,tanta
132,14796-8.txt,frecuencia
133,14796-8.txt,describe
134,14796-8.txt,obras
135,14796-8.txt,olimpicas
136,14796-8.txt,sesionestantas
137,14796-8.txt,tan
138,14796-8.txt,preciadas
139,14796-8.txt,cualidades
140,14796-8.txt,pesado
141,14796-8.txt,animo
142,14796-8.txt,suscriben
143,14796-8.txt,discusion
144,14796-8.txt,vacilacion
145,14796-8.txt,siquiera
146,14796-8.txt,preferir
147,14796-8.txt,trabajo
148,14796-8.txt,marcado
149,14796-8.txt,numero
150,14796-8.txt,dr
151,14796-8.txt,jose
152,14796-8.txt,rizal
153,14796-8.txt,consejo
154,14796-8.txt,dioses
155,14796-8.txt,recuerdo
156,14796-8.txt,pasado
157,14796-8.txt,entro
158,14796-8.txt,porvenir
159,14796-8.txt,alegoria
160,14796-8.txt,arreglada
161,14796-8.txt,forma
162,14796-8.txt,teatral
163,14796-8.txt,lope
164,14796-8.txt,blas
165,14796-8.txt,hucapte
166,14796-8.txt,imprenta
167,14796-8.txt,taller
168,14796-8.txt,encuadernacion
169,14796-8.txt,dia
170,14796-8.txt,filipino
171,14796-8.txt,calle
172,14796-8.txt,sacristia
173,14796-8.txt,num
174,14796-8.txt,santa
175,14796-8.txt,cruz
176,14796-8.txt,manila
177,14796-8.txt,if
178,14796-8.txt,consejo
179,14796-8.txt,dioses
180,14796-8.txt,alegoria
181,14796-8.txt,acto
182,14796-8.txt,unico
183,14796-8.txt,reunion
184,14796-8.txt,dioses
185,14796-8.txt,olimpo
186,14796-8.txt,jupiter
187,14796-8.txt,sentado
188,14796-8.txt,trono
189,14796-8.txt,oro
190,14796-8.txt,piedras
191,14796-8.txt,preciosas
192,14796-8.txt,llevando
193,14796-8.txt,mano
194,14796-8.txt,cetro
195,14796-8.txt,cipres
196,14796-8.txt,pies
197,14796-8.txt,aguila
198,14796-8.txt,cuyo
199,14796-8.txt,plumaje
200,14796-8.txt,acero
201,14796-8.txt,refleja
202,14796-8.txt,mil
203,14796-8.txt,diversos
204,14796-8.txt,colores
205,14796-8.txt,rayos
206,14796-8.txt,terribles
207,14796-8.txt,armas
208,14796-8.txt,yacen
209,14796-8.txt,suelo
210,14796-8.txt,derecha
211,14796-8.txt,esposa
212,14796-8.txt,celosa
213,14796-8.txt,juno
214,14796-8.txt,refulgente
215,14796-8.txt,diadema
216,14796-8.txt,vanidoso
217,14796-8.txt,pavo
218,14796-8.txt,real
219,14796-8.txt,izquierda
220,14796-8.txt,sabia
221,14796-8.txt,palas
222,14796-8.txt,minerva
223,14796-8.txt,hija
224,14796-8.txt,consejera
225,14796-8.txt,adornada
226,14796-8.txt,casco
227,14796-8.txt,terrible
228,14796-8.txt,egida
229,14796-8.txt,cinendo
230,14796-8.txt,verde
231,14796-8.txt,olivo
232,14796-8.txt,sosteniendo
233,14796-8.txt,gallardamente
234,14796-8.txt,pesada
235,14796-8.txt,lanza
236,14796-8.txt,formando
237,14796-8.txt,severo
238,14796-8.txt,contraste
239,14796-8.txt,saturno
240,14796-8.txt,acurrucado
241,14796-8.txt,mirando
242,14796-8.txt,lejos
243,14796-8.txt,tan
244,14796-8.txt,hermoso
245,14796-8.txt,grupo
246,14796-8.txt,gracioso
247,14796-8.txt,desorden
248,14796-8.txt,hallanse
249,14796-8.txt,hermosa
250,14796-8.txt,venus
251,14796-8.txt,recostada
252,14796-8.txt,lecho
253,14796-8.txt,rosas
254,14796-8.txt,coronada
255,14796-8.txt,oloroso
256,14796-8.txt,mirto
257,14796-8.txt,acariciando
258,14796-8.txt,amor
259,14796-8.txt,divino
260,14796-8.txt,apolo
261,14796-8.txt,pulsa
262,14796-8.txt,blandamente
263,14796-8.txt,lira
264,14796-8.txt,oro
265,14796-8.txt,nacar
266,14796-8.txt,jugando
267,14796-8.txt,ocho
268,14796-8.txt,musas
269,14796-8.txt,mientras
270,14796-8.txt,marte
271,14796-8.txt,belona
272,14796-8.txt,alcides
273,14796-8.txt,momo
274,14796-8.txt,cierran
275,14796-8.txt,aquel
276,14796-8.txt,circulo
277,14796-8.txt,escogido
278,14796-8.txt,detras
279,14796-8.txt,jupiter
280,14796-8.txt,juno
281,14796-8.txt,hallan
282,14796-8.txt,hebe
283,14796-8.txt,ganimedes
284,14796-8.txt,hacia
285,14796-8.txt,lado
286,14796-8.txt,derecho
287,14796-8.txt,jupiter
288,14796-8.txt,halla
289,14796-8.txt,justicia
290,14796-8.txt,sentada
291,14796-8.txt,trono
292,14796-8.txt,manos
293,14796-8.txt,atributos
294,14796-8.txt,escena
295,14796-8.txt,primera
296,14796-8.txt,dioses
297,14796-8.txt,diosas
298,14796-8.txt,ocho
299,14796-8.txt,musas
300,14796-8.txt,mencionados
301,14796-8.txt,llegan
302,14796-8.txt,musa
303,14796-8.txt,terpsicore
304,14796-8.txt,primeramente
305,14796-8.txt,despues
306,14796-8.txt,ninfas
307,14796-8.txt,nayades
308,14796-8.txt,ondinas
309,14796-8.txt,bailando
310,14796-8.txt,esparciendo
311,14796-8.txt,flores
312,14796-8.txt,liras
313,14796-8.txt,apolo
314,14796-8.txt,erato
315,14796-8.txt,flauta
316,14796-8.txt,euterpe
317,14796-8.txt,despues
318,14796-8.txt,danza
319,14796-8.txt,colocan
320,14796-8.txt,ambos
321,14796-8.txt,lados
322,14796-8.txt,escenario
323,14796-8.txt,escena
324,14796-8.txt,segunda
325,14796-8.txt,dichos
326,14796-8.txt,mercurio
327,14796-8.txt,llega
328,14796-8.txt,mercurio
329,14796-8.txt,quitandose
330,14796-8.txt,cabeza
331,14796-8.txt,gorro
332,14796-8.txt,frigio
333,14796-8.txt,habla
334,14796-8.txt,mercurio
335,14796-8.txt,cumplido
336,14796-8.txt,mandatos
337,14796-8.txt,soberano
338,14796-8.txt,padre
339,14796-8.txt,neptuno
340,14796-8.txt,corte
341,14796-8.txt,pueden
342,14796-8.txt,venir
343,14796-8.txt,pues
344,14796-8.txt,temen
345,14796-8.txt,perder
346,14796-8.txt,imperio
347,14796-8.txt,mares
348,14796-8.txt,causa
349,14796-8.txt,actual
350,14796-8.txt,arrojo
351,14796-8.txt,hombres
352,14796-8.txt,vulcano
353,14796-8.txt,aun
354,14796-8.txt,terminado
355,14796-8.txt,rayos
356,14796-8.txt,encargaste
357,14796-8.txt,armar
358,14796-8.txt,olimpo
359,14796-8.txt,concluyendo
360,14796-8.txt,cuanto
361,14796-8.txt,pluton
362,14796-8.txt,jupiter
363,14796-8.txt,interrumpiendo
364,14796-8.txt,mercurio
365,14796-8.txt,basta
366,14796-8.txt,tampoco
367,14796-8.txt,necesito
368,14796-8.txt,hebe
369,14796-8.txt,ganimedes
370,14796-8.txt,repartid
371,14796-8.txt,nectar
372,14796-8.txt,beban
373,14796-8.txt,inmortales
374,14796-8.txt,mientras
375,14796-8.txt,hebe
376,14796-8.txt,ganimedes
377,14796-8.txt,llenan
378,14796-8.txt,cometido
379,14796-8.txt,llegan
380,14796-8.txt,baco
381,14796-8.txt,sileno
382,14796-8.txt,pie
383,14796-8.txt,aquel
384,14796-8.txt,montado
385,14796-8.txt,burra
386,14796-8.txt,tirso
387,14796-8.txt,mano
388,14796-8.txt,verdes
389,14796-8.txt,pampanos
390,14796-8.txt,sienes
391,14796-8.txt,cantando
392,14796-8.txt,vivir
393,14796-8.txt,desea
394,14796-8.txt,divertirse
395,14796-8.txt,abandone
396,14796-8.txt,minerva
397,14796-8.txt,vinas
398,14796-8.txt,cuide
399,14796-8.txt,minerva
400,14796-8.txt,alta
401,14796-8.txt,voz
402,14796-8.txt,silencio
403,14796-8.txt,ves
404,14796-8.txt,poderoso
405,14796-8.txt,jupiter
406,14796-8.txt,hablar
407,14796-8.txt,sileno
408,14796-8.txt,enfadado
409,14796-8.txt,vencedor
410,14796-8.txt,titanes
411,14796-8.txt,dioses
412,14796-8.txt,toman
413,14796-8.txt,nectar
414,14796-8.txt,consiguiente
415,14796-8.txt,puede
416,14796-8.txt,cualquiera
417,14796-8.txt,expresar
418,14796-8.txt,alegria
419,14796-8.txt,manera
420,14796-8.txt,plazca
421,14796-8.txt,veo
422,14796-8.txt,discipulo
423,14796-8.txt,ofendido
424,14796-8.txt,tomas
425,14796-8.txt,pretexto
426,14796-8.txt,momo
427,14796-8.txt,voz
428,14796-8.txt,socarrona
429,14796-8.txt,defiendele
430,14796-8.txt,sileno
431,14796-8.txt,digan
432,14796-8.txt,discipulos
433,14796-8.txt,impertinentes
434,14796-8.txt,minerva
435,14796-8.txt,trata
436,14796-8.txt,replicar
437,14796-8.txt,jupiter
438,14796-8.txt,contiene
439,14796-8.txt,gesto
440,14796-8.txt,entonces
441,14796-8.txt,manifiesta
442,14796-8.txt,minerva
443,14796-8.txt,desprecio
444,14796-8.txt,sonrisa
445,14796-8.txt,tan
446,14796-8.txt,desdenosa
447,14796-8.txt,altera
448,14796-8.txt,delicada
449,14796-8.txt,severidad
450,14796-8.txt,hermosos
451,14796-8.txt,labios
452,14796-8.txt,despues
453,14796-8.txt,tomar
454,14796-8.txt,dioses
455,14796-8.txt,inmortal
456,14796-8.txt,bebida
457,14796-8.txt,comienza
458,14796-8.txt,hablar
459,14796-8.txt,jupiter
460,14796-8.txt,tiempo
461,14796-8.txt,excelsos
462,14796-8.txt,dioses
463,14796-8.txt,soberbios
464,14796-8.txt,hijos
465,14796-8.txt,tierra
466,14796-8.txt,pretendieron
467,14796-8.txt,escalar
468,14796-8.txt,olimpo
469,14796-8.txt,arrebatarme
470,14796-8.txt,imperio
471,14796-8.txt,acumulando
472,14796-8.txt,montes
473,14796-8.txt,montes
474,14796-8.txt,conseguido
475,14796-8.txt,duda
476,14796-8.txt,alguna
477,14796-8.txt,si
478,14796-8.txt,brazos
479,14796-8.txt,terribles
480,14796-8.txt,rayos
481,14796-8.txt,precipitado
482,14796-8.txt,tartaro
483,14796-8.txt,sepultando
484,14796-8.txt,entranas
485,14796-8.txt,ardiente
486,14796-8.txt,etna
487,14796-8.txt,tan
488,14796-8.txt,fausto
489,14796-8.txt,acontecimiento
490,14796-8.txt,deseo
491,14796-8.txt,celebrar
492,14796-8.txt,pompa
493,14796-8.txt,inmortales
494,14796-8.txt,hoy
495,14796-8.txt,tierra
496,14796-8.txt,siguiendo
497,14796-8.txt,eterna
498,14796-8.txt,carrera
499,14796-8.txt,vuelto
500,14796-8.txt,ocupar
501,14796-8.txt,mismo
502,14796-8.txt,punto
503,14796-8.txt,orbita
504,14796-8.txt,giraba
505,14796-8.txt,entonces
506,14796-8.txt,asi
507,14796-8.txt,soberano
508,14796-8.txt,dioses
509,14796-8.txt,quiero
510,14796-8.txt,comience
511,14796-8.txt,fiesta
512,14796-8.txt,certamen
513,14796-8.txt,literario
514,14796-8.txt,soberbia
515,14796-8.txt,trompa
516,14796-8.txt,guerrera
517,14796-8.txt,lira
518,14796-8.txt,corona
519,14796-8.txt,laurel
520,14796-8.txt,esmeradamente
521,14796-8.txt,fabricadas
522,14796-8.txt,trompa
523,14796-8.txt,metal
524,14796-8.txt,solo
525,14796-8.txt,vulcano
526,14796-8.txt,conoce
527,14796-8.txt,mas
528,14796-8.txt,precioso
529,14796-8.txt,oro
530,14796-8.txt,plata
531,14796-8.txt,lira
532,14796-8.txt,apolo
533,14796-8.txt,oro
534,14796-8.txt,nacar
535,14796-8.txt,labrada
536,14796-8.txt,tambien
537,14796-8.txt,mismo
538,14796-8.txt,vulcano
539,14796-8.txt,cuerdas
540,14796-8.txt,obra
541,14796-8.txt,musas
542,14796-8.txt,conocen
543,14796-8.txt,rivales
544,14796-8.txt,corona
545,14796-8.txt,tejida
546,14796-8.txt,gracias
547,14796-8.txt,mejor
548,14796-8.txt,laurel
549,14796-8.txt,crece
550,14796-8.txt,jardines
551,14796-8.txt,inmortales
552,14796-8.txt,brilla
553,14796-8.txt,mas
554,14796-8.txt,todas
555,14796-8.txt,reyes
556,14796-8.txt,tierra
557,14796-8.txt,tres
558,14796-8.txt,valen
559,14796-8.txt,igualmente
560,14796-8.txt,cultivado
561,14796-8.txt,mejor
562,14796-8.txt,letras
563,14796-8.txt,virtudes
564,14796-8.txt,sera
565,14796-8.txt,dueno
566,14796-8.txt,tan
567,14796-8.txt,magnificas
568,14796-8.txt,alhajas
569,14796-8.txt,presentadme
570,14796-8.txt,pues
571,14796-8.txt,mortal
572,14796-8.txt,juzgueis
573,14796-8.txt,digno
574,14796-8.txt,merecerlas
575,14796-8.txt,juno
576,14796-8.txt,levanta
577,14796-8.txt,actitud
578,14796-8.txt,arogante
579,14796-8.txt,altiva
580,14796-8.txt,jupiter
581,14796-8.txt,permiteme
582,14796-8.txt,hable
583,14796-8.txt,primera
584,14796-8.txt,esposa
585,14796-8.txt,madre
586,14796-8.txt,dioses
587,14796-8.txt,mas
588,14796-8.txt,poderosos
589,14796-8.txt,ninguno
590,14796-8.txt,mejor
591,14796-8.txt,podra
592,14796-8.txt,presentarte
593,14796-8.txt,mortal
594,14796-8.txt,mas
595,14796-8.txt,perfecto
596,14796-8.txt,divino
597,14796-8.txt,homero
598,14796-8.txt,verdad
599,14796-8.txt,osara
600,14796-8.txt,disputarle
601,14796-8.txt,supremacia
602,14796-8.txt,asi
603,14796-8.txt,ninguna
604,14796-8.txt,obra
605,14796-8.txt,puede
606,14796-8.txt,competir
607,14796-8.txt,iliada
608,14796-8.txt,valiente
609,14796-8.txt,atrevida
610,14796-8.txt,reflexiva
611,14796-8.txt,prudente
612,14796-8.txt,odisea
613,14796-8.txt,cantado
614,14796-8.txt,grandeza
615,14796-8.txt,demas
616,14796-8.txt,dioses
617,14796-8.txt,tan
618,14796-8.txt,magnificamente
619,14796-8.txt,si
620,14796-8.txt,sorprendido
621,14796-8.txt,olimpo
622,14796-8.txt,mismo
623,14796-8.txt,asistido
624,14796-8.txt,asambleas
625,14796-8.txt,contribuyo
626,14796-8.txt,mas
627,14796-8.txt,odoro
628,14796-8.txt,incienso
629,14796-8.txt,arabia
630,14796-8.txt,quemase
631,14796-8.txt,abundantemente
632,14796-8.txt,imagenes
633,14796-8.txt,ofreciesen
634,14796-8.txt,pingues
635,14796-8.txt,hecatombes
636,14796-8.txt,cuyo
637,14796-8.txt,sabroso
638,14796-8.txt,humo
639,14796-8.txt,subiendo
640,14796-8.txt,caprichosos
641,14796-8.txt,espirales
642,14796-8.txt,tan
643,14796-8.txt,grato
644,14796-8.txt,aplacaba
645,14796-8.txt,iras
646,14796-8.txt,refirio
647,14796-8.txt,batallas
648,14796-8.txt,mas
649,14796-8.txt,sublimes
650,14796-8.txt,mas
651,14796-8.txt,hermosos
652,14796-8.txt,versos
653,14796-8.txt,canto
654,14796-8.txt,divinidad
655,14796-8.txt,saber
656,14796-8.txt,virtud
657,14796-8.txt,valor
658,14796-8.txt,heroismo
659,14796-8.txt,desgracia
660,14796-8.txt,recorriendo
661,14796-8.txt,tonos
662,14796-8.txt,lira
663,14796-8.txt,premiado
664,14796-8.txt,pues
665,14796-8.txt,creo
666,14796-8.txt,cree
667,14796-8.txt,olimpo
668,14796-8.txt,entero
669,14796-8.txt,ninguno
670,14796-8.txt,hecho
671,14796-8.txt,mas
672,14796-8.txt,acreedor
673,14796-8.txt,simpatias
674,14796-8.txt,venus
675,14796-8.txt,perdona
676,14796-8.txt,hermana
677,14796-8.txt,esposa
678,14796-8.txt,grandioso
679,14796-8.txt,jove
680,14796-8.txt,si
681,14796-8.txt,respetable
682,14796-8.txt,opinion
683,14796-8.txt,jupiter
684,14796-8.txt,visible
685,14796-8.txt,tan
686,14796-8.txt,solo
687,14796-8.txt,inmortales
688,14796-8.txt,propicio
689,14796-8.txt,suplicas
690,14796-8.txt,ruegote
691,14796-8.txt,permitas
692,14796-8.txt,cantor
693,14796-8.txt,hijo
694,14796-8.txt,eneas
695,14796-8.txt,venza
696,14796-8.txt,homero
697,14796-8.txt,acuerdate
698,14796-8.txt,lira
699,14796-8.txt,virgilio
700,14796-8.txt,canto
701,14796-8.txt,glorias
702,14796-8.txt,modulo
703,14796-8.txt,quejas
704,14796-8.txt,amor
705,14796-8.txt,desgraciado
706,14796-8.txt,dulcisimos
707,14796-8.txt,melancolicos
708,14796-8.txt,versos
709,14796-8.txt,conmueven
710,14796-8.txt,alma
711,14796-8.txt,alabo
712,14796-8.txt,piedad
713,14796-8.txt,encarnada
714,14796-8.txt,hijo
715,14796-8.txt,anchises
716,14796-8.txt,combates
717,14796-8.txt,menos
718,14796-8.txt,bellos
719,14796-8.txt,efectuaron
720,14796-8.txt,pies
721,14796-8.txt,muros
722,14796-8.txt,troyanos
723,14796-8.txt,eneas
724,14796-8.txt,mas
725,14796-8.txt,grande
726,14796-8.txt,piadoso
727,14796-8.txt,iracundo
728,14796-8.txt,aquiles
729,14796-8.txt,fin
730,14796-8.txt,sentir
731,14796-8.txt,virgilio
732,14796-8.txt,superior
733,14796-8.txt,poeta
734,14796-8.txt,chio
735,14796-8.txt,verdad
736,14796-8.txt,llena
737,14796-8.txt,todas
738,14796-8.txt,cualidades
739,14796-8.txt,sagrada
740,14796-8.txt,mente
741,14796-8.txt,concebido
742,14796-8.txt,dicho
743,14796-8.txt,acomoda
744,14796-8.txt,graciosamente
745,14796-8.txt,lecho
746,14796-8.txt,graciosa
747,14796-8.txt,ondina
748,14796-8.txt,medio
749,14796-8.txt,reclinada
750,14796-8.txt,blanca
751,14796-8.txt,espuma
752,14796-8.txt,azules
753,14796-8.txt,olas
754,14796-8.txt,forma
755,14796-8.txt,joya
756,14796-8.txt,mas
757,14796-8.txt,preciosa
758,14796-8.txt,hermoso
759,14796-8.txt,poetico
760,14796-8.txt,lago
761,14796-8.txt,juno
762,14796-8.txt,airada
763,14796-8.txt,poeta
764,14796-8.txt,romano
765,14796-8.txt,ser
766,14796-8.txt,preferido
767,14796-8.txt,griego
768,14796-8.txt,virgilio
769,14796-8.txt,imitador
770,14796-8.txt,tan
771,14796-8.txt,solo
772,14796-8.txt,ser
773,14796-8.txt,mejor
774,14796-8.txt,homero
775,14796-8.txt,aca
776,14796-8.txt,copia
777,14796-8.txt,sido
778,14796-8.txt,mejor
779,14796-8.txt,original
780,14796-8.txt,ah
781,14796-8.txt,hermosa
782,14796-8.txt,venus
783,14796-8.txt,tono
784,14796-8.txt,desdenoso
785,14796-8.txt,veo
786,14796-8.txt,equivocada
787,14796-8.txt,extrano
788,14796-8.txt,tratandose
789,14796-8.txt,amores
790,14796-8.txt,juicio
791,14796-8.txt,ademas
792,14796-8.txt,corazon
793,14796-8.txt,pasiones
794,14796-8.txt,jamas
795,14796-8.txt,supieron
796,14796-8.txt,descurrir
797,14796-8.txt,deja
798,14796-8.txt,asunto
799,14796-8.txt,suplico
800,14796-8.txt,innumerables
801,14796-8.txt,queridos
802,14796-8.txt,venus
803,14796-8.txt,interrumpiendo
804,14796-8.txt,ruborizada
805,14796-8.txt,oh
806,14796-8.txt,bellisima
807,14796-8.txt,juno
808,14796-8.txt,tan
809,14796-8.txt,celosa
810,14796-8.txt,vengativa
811,14796-8.txt,pesar
812,14796-8.txt,buena
813,14796-8.txt,memoria
814,14796-8.txt,siempre
815,14796-8.txt,acuerda
816,14796-8.txt,manzana
817,14796-8.txt,oro
818,14796-8.txt,injustamente
819,14796-8.txt,negada
820,14796-8.txt,renombrada
821,14796-8.txt,nunca
822,14796-8.txt,bien
823,14796-8.txt,ponderada
824,14796-8.txt,hermosura
825,14796-8.txt,miro
826,14796-8.txt,disgusto
827,14796-8.txt,olvides
828,14796-8.txt,groseras
829,14796-8.txt,hecho
830,14796-8.txt,favorito
831,14796-8.txt,homero
832,14796-8.txt,empero
833,14796-8.txt,si
834,14796-8.txt,parte
835,14796-8.txt,encuentras
836,14796-8.txt,razonable
837,14796-8.txt,veridico
838,14796-8.txt,buen
839,14796-8.txt,hora
840,14796-8.txt,felicito
841,14796-8.txt,ello
842,14796-8.txt,toca
843,14796-8.txt,dioses
844,14796-8.txt,olimpo
845,14796-8.txt,digan
846,14796-8.txt,momo
847,14796-8.txt,iinterrumpiendo
848,14796-8.txt,venus
849,14796-8.txt,si
850,14796-8.txt,digan
851,14796-8.txt,alabas
852,14796-8.txt,virgilio
853,14796-8.txt,portado
854,14796-8.txt,bien
855,14796-8.txt,contigo
856,14796-8.txt,juno
857,14796-8.txt,defiende
858,14796-8.txt,homero
859,14796-8.txt,pues
860,14796-8.txt,cantor
861,14796-8.txt,venganzas
862,14796-8.txt,haceis
863,14796-8.txt,mutuas
864,14796-8.txt,caricias
865,14796-8.txt,atentos
866,14796-8.txt,cumplidos
867,14796-8.txt,jupiter
868,14796-8.txt,intervienes
869,14796-8.txt,disputas
870,14796-8.txt,alli
871,14796-8.txt,ignorante
872,14796-8.txt,oye
873,14796-8.txt,embobado
874,14796-8.txt,trilogias
875,14796-8.txt,fiestas
876,14796-8.txt,olimpicas
877,14796-8.txt,juno
878,14796-8.txt,alta
879,14796-8.txt,voz
880,14796-8.txt,esposo
881,14796-8.txt,permites
882,14796-8.txt,insulte
883,14796-8.txt,asi
884,14796-8.txt,monstruo
885,14796-8.txt,deforme
886,14796-8.txt,feo
887,14796-8.txt,echale
888,14796-8.txt,olimpo
889,14796-8.txt,pues
890,14796-8.txt,aliento
891,14796-8.txt,infesta
892,14796-8.txt,ademas
893,14796-8.txt,momo
894,14796-8.txt,gloria
895,14796-8.txt,juno
896,14796-8.txt,nunca
897,14796-8.txt,insulta
898,14796-8.txt,pues
899,14796-8.txt,solo
900,14796-8.txt,llama
901,14796-8.txt,feo
902,14796-8.txt,deforme
903,14796-8.txt,dioses
904,14796-8.txt,rien
905,14796-8.txt,juno
906,14796-8.txt,palidece
907,14796-8.txt,frente
908,14796-8.txt,arruga
909,14796-8.txt,lanza
910,14796-8.txt,fulminante
911,14796-8.txt,mirada
912,14796-8.txt,especialmente
913,14796-8.txt,momo
914,14796-8.txt,calle
915,14796-8.txt,dios
916,14796-8.txt,burla
917,14796-8.txt,laguna
918,14796-8.txt,stygia
919,14796-8.txt,dejemos
920,14796-8.txt,hable
921,14796-8.txt,minerva
922,14796-8.txt,cuya
923,14796-8.txt,opinion
924,14796-8.txt,sido
925,14796-8.txt,siempre
926,14796-8.txt,mia
927,14796-8.txt,lejanos
928,14796-8.txt,tiempos
929,14796-8.txt,momo
930,14796-8.txt,si
931,14796-8.txt,ilustres
932,14796-8.txt,mequetrefes
933,14796-8.txt,hallais
934,14796-8.txt,alla
935,14796-8.txt,debeis
936,14796-8.txt,minerva
937,14796-8.txt,aparenta
938,14796-8.txt,oirle
939,14796-8.txt,levanta
940,14796-8.txt,casco
941,14796-8.txt,descubre
942,14796-8.txt,severa
943,14796-8.txt,tersa
944,14796-8.txt,frente
945,14796-8.txt,mansion
946,14796-8.txt,inteligencia
947,14796-8.txt,voz
948,14796-8.txt,argentina
949,14796-8.txt,clara
950,14796-8.txt,exclama
951,14796-8.txt,ruego
952,14796-8.txt,oigas
953,14796-8.txt,poderoso
954,14796-8.txt,hijo
955,14796-8.txt,saturno
956,14796-8.txt,conmueves
957,14796-8.txt,olimpo
958,14796-8.txt,fruncir
959,14796-8.txt,ceno
960,14796-8.txt,terrible
961,14796-8.txt,prudentes
962,14796-8.txt,venerandos
963,14796-8.txt,dioses
964,14796-8.txt,presidis
965,14796-8.txt,gobernais
966,14796-8.txt,hombres
967,14796-8.txt,tomeis
968,14796-8.txt,mal
969,14796-8.txt,palabras
970,14796-8.txt,siempre
971,14796-8.txt,sometidas
972,14796-8.txt,voluntad
973,14796-8.txt,donante
974,14796-8.txt,si
975,14796-8.txt,acaso
976,14796-8.txt,razones
977,14796-8.txt,carecen
978,14796-8.txt,ojos
979,14796-8.txt,peso
980,14796-8.txt,dignaos
981,14796-8.txt,rebatirlas
982,14796-8.txt,pesarlas
983,14796-8.txt,balanza
984,14796-8.txt,justicia
985,14796-8.txt,antigua
986,14796-8.txt,hesperia
987,14796-8.txt,mas
988,14796-8.txt,alla
989,14796-8.txt,pirineos
990,14796-8.txt,hombre
991,14796-8.txt,cuya
992,14796-8.txt,fama
993,14796-8.txt,atravesado
994,14796-8.txt,espacio
995,14796-8.txt,separa
996,14796-8.txt,mundo
997,14796-8.txt,mortales
998,14796-8.txt,olimpo
999,14796-8.txt,ligera
1000,14796-8.txt,rapida
1001,14796-8.txt,centella
1002,14796-8.txt,ignorado
1003,14796-8.txt,oscuro
1004,14796-8.txt,paso
1005,14796-8.txt,ser
1006,14796-8.txt,juguete
1007,14796-8.txt,envidia
1008,14796-8.txt,ruines
1009,14796-8.txt,pasiones
1010,14796-8.txt,abrumado
1011,14796-8.txt,desgracia
1012,14796-8.txt,triste
1013,14796-8.txt,destino
1014,14796-8.txt,grandes
1015,14796-8.txt,genios
1016,14796-8.txt,parece
1017,14796-8.txt,cosa
1018,14796-8.txt,sino
1019,14796-8.txt,mundo
1020,14796-8.txt,extrayendo
1021,14796-8.txt,tartaro
1022,14796-8.txt,padecimientos
1023,14796-8.txt,torturas
1024,14796-8.txt,acumulado
1025,14796-8.txt,infeliz
1026,14796-8.txt,persona
1027,14796-8.txt,mas
1028,14796-8.txt,pesar
1029,14796-8.txt,tantos
1030,14796-8.txt,sufrimientos
1031,14796-8.txt,injusticias
1032,14796-8.txt,querido
1033,14796-8.txt,devolver
1034,14796-8.txt,semejantes
1035,14796-8.txt,dolor
1036,14796-8.txt,recibiera
1037,14796-8.txt,sino
1038,14796-8.txt,piadoso
1039,14796-8.txt,demasiado
1040,14796-8.txt,grande
1041,14796-8.txt,vengarse
1042,14796-8.txt,trato
1043,14796-8.txt,corregirles
1044,14796-8.txt,educarles
1045,14796-8.txt,dando
1046,14796-8.txt,luz
1047,14796-8.txt,obra
1048,14796-8.txt,inmortal
1049,14796-8.txt,don
1050,14796-8.txt,quijote
1051,14796-8.txt,hablo
1052,14796-8.txt,pues
1053,14796-8.txt,cervantes
1054,14796-8.txt,hijo
1055,14796-8.txt,espana
1056,14796-8.txt,mas
1057,14796-8.txt,tarde
1058,14796-8.txt,sera
1059,14796-8.txt,orgullo
1060,14796-8.txt,ahora
1061,14796-8.txt,perece
1062,14796-8.txt,mas
1063,14796-8.txt,espantosa
1064,14796-8.txt,miseria
1065,14796-8.txt,quijote
1066,14796-8.txt,parto
1067,14796-8.txt,grandioso
1068,14796-8.txt,latigo
1069,14796-8.txt,castiga
1070,14796-8.txt,risa
1071,14796-8.txt,nectar
1072,14796-8.txt,encierra
1073,14796-8.txt,virtudes
1074,14796-8.txt,amarga
1075,14796-8.txt,medicina
1076,14796-8.txt,mano
1077,14796-8.txt,halaguena
1078,14796-8.txt,guia
1079,14796-8.txt,energica
1080,14796-8.txt,pasiones
1081,14796-8.txt,humanas
1082,14796-8.txt,si
1083,14796-8.txt,preguntais
1084,14796-8.txt,obstaculos
1085,14796-8.txt,supero
1086,14796-8.txt,servios
1087,14796-8.txt,escucharme
1088,14796-8.txt,momento
1089,14796-8.txt,sabreis
1090,14796-8.txt,hallabase
1091,14796-8.txt,mundo
1092,14796-8.txt,invadido
1093,14796-8.txt,especie
1094,14796-8.txt,locura
1095,14796-8.txt,mas
1096,14796-8.txt,triste
1097,14796-8.txt,frenetica
1098,14796-8.txt,cuanto
1099,14796-8.txt,mas
1100,14796-8.txt,extendida
1101,14796-8.txt,imbeciles
1102,14796-8.txt,plumas
1103,14796-8.txt,imaginaciones
1104,14796-8.txt,calenturientas
1105,14796-8.txt,cundia
1106,14796-8.txt,todas
1107,14796-8.txt,partes
1108,14796-8.txt,mal
1109,14796-8.txt,gusto
1110,14796-8.txt,gastabase
1111,14796-8.txt,inutilmente
1112,14796-8.txt,lecturas
1113,14796-8.txt,perniciosas
1114,14796-8.txt,aqui
1115,14796-8.txt,aparece
1116,14796-8.txt,luz
1117,14796-8.txt,brillante
1118,14796-8.txt,disipa
1119,14796-8.txt,tinieblas
1120,14796-8.txt,inteligencia
1121,14796-8.txt,suelen
1122,14796-8.txt,timidas
1123,14796-8.txt,aves
1124,14796-8.txt,huir
1125,14796-8.txt,divisar
1126,14796-8.txt,cazador
1127,14796-8.txt,oir
1128,14796-8.txt,silbido
1129,14796-8.txt,flecha
1130,14796-8.txt,asi
1131,14796-8.txt,desaparecieron
1132,14796-8.txt,errores
1133,14796-8.txt,mal
1134,14796-8.txt,gusto
1135,14796-8.txt,absurdas
1136,14796-8.txt,creencias
1137,14796-8.txt,sepultandose
1138,14796-8.txt,noche
1139,14796-8.txt,olvido
1140,14796-8.txt,si
1141,14796-8.txt,bien
1142,14796-8.txt,verdad
1143,14796-8.txt,cantor
1144,14796-8.txt,ilion
1145,14796-8.txt,sonoros
1146,14796-8.txt,versos
1147,14796-8.txt,abrio
1148,14796-8.txt,primero
1149,14796-8.txt,templo
1150,14796-8.txt,musas
1151,14796-8.txt,celebro
1152,14796-8.txt,heroismo
1153,14796-8.txt,hombres
1154,14796-8.txt,sabiduria
1155,14796-8.txt,inmortales
1156,14796-8.txt,cisne
1157,14796-8.txt,mantua
1158,14796-8.txt,consalzo
1159,14796-8.txt,piedad
1160,14796-8.txt,libro
1161,14796-8.txt,dioses
1162,14796-8.txt,incendio
1163,14796-8.txt,patria
1164,14796-8.txt,renuncio
1165,14796-8.txt,delicias
1166,14796-8.txt,venus
1167,14796-8.txt,seguir
1168,14796-8.txt,voluntad
1169,14796-8.txt,mas
1170,14796-8.txt,grande
1171,14796-8.txt,dioses
1172,14796-8.txt,mas
1173,14796-8.txt,delicados
1174,14796-8.txt,sentimientos
1175,14796-8.txt,brotaron
1176,14796-8.txt,lira
1177,14796-8.txt,melancolico
1178,14796-8.txt,estro
1179,14796-8.txt,transporta
1180,14796-8.txt,mente
1181,14796-8.txt,regiones
1182,14796-8.txt,tambien
1183,14796-8.txt,menos
1184,14796-8.txt,cierto
1185,14796-8.txt,mejoro
1186,14796-8.txt,costumbres
1187,14796-8.txt,siglo
1188,14796-8.txt,hizo
1189,14796-8.txt,cervantes
1190,14796-8.txt,aparicion
1191,14796-8.txt,verdad
1192,14796-8.txt,volvio
1193,14796-8.txt,ocupar
1194,14796-8.txt,asiento
1195,14796-8.txt,anunciando
1196,14796-8.txt,nueva
1197,14796-8.txt,mundo
1198,14796-8.txt,entonces
1199,14796-8.txt,corrompido
1200,14796-8.txt,si
1201,14796-8.txt,preguntais
1202,14796-8.txt,bellezas
1203,14796-8.txt,pesar
1204,14796-8.txt,conocerlas
1205,14796-8.txt,envio
1206,14796-8.txt,apolo
1207,14796-8.txt,unico
1208,14796-8.txt,juez
1209,14796-8.txt,punto
1210,14796-8.txt,preguntadle
1211,14796-8.txt,si
1212,14796-8.txt,autor
1213,14796-8.txt,quijote
1214,14796-8.txt,quemado
1215,14796-8.txt,incienso
1216,14796-8.txt,inmortales
1217,14796-8.txt,aras
1218,14796-8.txt,apolo
1219,14796-8.txt,placer
1220,14796-8.txt,acojes
1221,14796-8.txt,serena
1222,14796-8.txt,noche
1223,14796-8.txt,quejas
1224,14796-8.txt,filomena
1225,14796-8.txt,asi
1226,14796-8.txt,seran
1227,14796-8.txt,gratas
1228,14796-8.txt,razones
1229,14796-8.txt,padre
1230,14796-8.txt,mio
1231,14796-8.txt,nueve
1232,14796-8.txt,hermanas
1233,14796-8.txt,leimos
1234,14796-8.txt,jardines
1235,14796-8.txt,parnaso
1236,14796-8.txt,libro
1237,14796-8.txt,habla
1238,14796-8.txt,sabia
1239,14796-8.txt,minerva
1240,14796-8.txt,estilo
1241,14796-8.txt,festivo
1242,14796-8.txt,acento
1243,14796-8.txt,agradable
1244,14796-8.txt,suenan
1245,14796-8.txt,oidos
1246,14796-8.txt,sonora
1247,14796-8.txt,fuente
1248,14796-8.txt,brota
1249,14796-8.txt,entrada
1250,14796-8.txt,gruta
1251,14796-8.txt,umbria
1252,14796-8.txt,ruego
1253,14796-8.txt,tacheis
1254,14796-8.txt,apasionado
1255,14796-8.txt,cervantes
1256,14796-8.txt,dedicado
1257,14796-8.txt,muchas
1258,14796-8.txt,bellas
1259,14796-8.txt,paginas
1260,14796-8.txt,si
1261,14796-8.txt,extremada
1262,14796-8.txt,pobreza
1263,14796-8.txt,engendradora
1264,14796-8.txt,hambre
1265,14796-8.txt,miseria
1266,14796-8.txt,desgracias
1267,14796-8.txt,infeliz
1268,14796-8.txt,continuo
1269,14796-8.txt,acosan
1270,14796-8.txt,humilde
1271,14796-8.txt,hijo
1272,14796-8.txt,mio
1273,14796-8.txt,sabido
1274,14796-8.txt,elevar
1275,14796-8.txt,cantos
1276,14796-8.txt,armonizar
1277,14796-8.txt,acentos
1278,14796-8.txt,ofrecerme
1279,14796-8.txt,tributo
1280,14796-8.txt,mas
1281,14796-8.txt,bello
1282,14796-8.txt,precioso
1283,14796-8.txt,carro
1284,14796-8.txt,reluciente
1285,14796-8.txt,indomitos
1286,14796-8.txt,caballos
1287,14796-8.txt,si
1288,14796-8.txt,hedionda
1289,14796-8.txt,mazmorra
1290,14796-8.txt,funesto
1291,14796-8.txt,encierro
1292,14796-8.txt,alma
1293,14796-8.txt,volar
1294,14796-8.txt,aspira
1295,14796-8.txt,bien
1296,14796-8.txt,cortada
1297,14796-8.txt,pluma
1298,14796-8.txt,supo
1299,14796-8.txt,verter
1300,14796-8.txt,raudales
1301,14796-8.txt,deslumbradora
1302,14796-8.txt,poesia
1303,14796-8.txt,mas
1304,14796-8.txt,agradables
1305,14796-8.txt,ricas
1306,14796-8.txt,linfas
1307,14796-8.txt,dorado
1308,14796-8.txt,pactolo
1309,14796-8.txt,negar
1310,14796-8.txt,superioridad
1311,14796-8.txt,darle
1312,14796-8.txt,victoria
1313,14796-8.txt,ingenio
1314,14796-8.txt,mas
1315,14796-8.txt,grande
1316,14796-8.txt,mundos
1317,14796-8.txt,vieron
1318,14796-8.txt,quijote
1319,14796-8.txt,libro
1320,14796-8.txt,predilecto
1321,14796-8.txt,musas
1322,14796-8.txt,mientras
1323,14796-8.txt,festivo
1324,14796-8.txt,consuela
1325,14796-8.txt,tristes
1326,14796-8.txt,melancolicos
1327,14796-8.txt,ilustra
1328,14796-8.txt,ignorante
1329,14796-8.txt,mismo
1330,14796-8.txt,tiempo
1331,14796-8.txt,historia
1332,14796-8.txt,historia
1333,14796-8.txt,mas
1334,14796-8.txt,fiel
1335,14796-8.txt,costumbres
1336,14796-8.txt,espanolas
1337,14796-8.txt,opino
1338,14796-8.txt,pues
1339,14796-8.txt,sabia
1340,14796-8.txt,palas
1341,14796-8.txt,perdonen
1342,14796-8.txt,dioses
1343,14796-8.txt,parecer
1344,14796-8.txt,participan
1345,14796-8.txt,juno
1346,14796-8.txt,si
1347,14796-8.txt,mayor
1348,14796-8.txt,merito
1349,14796-8.txt,consiste
1350,14796-8.txt,haber
1351,14796-8.txt,soportado
1352,14796-8.txt,tantas
1353,14796-8.txt,desgracias
1354,14796-8.txt,pues
1355,14796-8.txt,demas
1356,14796-8.txt,ninguno
1357,14796-8.txt,aventaja
1358,14796-8.txt,sale
1359,14796-8.txt,vencido
1360,14796-8.txt,dire
1361,14796-8.txt,tambien
1362,14796-8.txt,homero
1363,14796-8.txt,ciego
1364,14796-8.txt,miserable
1365,14796-8.txt,imploro
1366,14796-8.txt,tiempo
1367,14796-8.txt,caridad
1368,14796-8.txt,publica
1369,14796-8.txt,nunca
1370,14796-8.txt,hecho
1371,14796-8.txt,cervantes
1372,14796-8.txt,recorriendo
1373,14796-8.txt,pueblos
1374,14796-8.txt,ciudades
1375,14796-8.txt,lira
1376,14796-8.txt,unica
1377,14796-8.txt,amiga
1378,14796-8.txt,viviendo
1379,14796-8.txt,mas
1380,14796-8.txt,completa
1381,14796-8.txt,miseria
1382,14796-8.txt,bien
1383,14796-8.txt,recuerdas
1384,14796-8.txt,ingrato
1385,14796-8.txt,apolo
1386,14796-8.txt,venus
1387,14796-8.txt,virgilio
1388,14796-8.txt,sido
1389,14796-8.txt,tambien
1390,14796-8.txt,pobre
1391,14796-8.txt,tiempo
1392,14796-8.txt,manteniendose
1393,14796-8.txt,pan
1394,14796-8.txt,solo
1395,14796-8.txt,regalo
1396,14796-8.txt,cesar
1397,14796-8.txt,melancolia
1398,14796-8.txt,aspira
1399,14796-8.txt,obras
1400,14796-8.txt,dice
1401,14796-8.txt,bastante
1402,14796-8.txt,cuanto
1403,14796-8.txt,debio
1404,14796-8.txt,haber
1405,14796-8.txt,sufrido
1406,14796-8.txt,corazon
1407,14796-8.txt,sensible
1408,14796-8.txt,delicado
1409,14796-8.txt,habra
1410,14796-8.txt,padecido
1411,14796-8.txt,menos
1412,14796-8.txt,brillante
1413,14796-8.txt,homero
1414,14796-8.txt,festivo
1415,14796-8.txt,cervantes
1416,14796-8.txt,minerva
1417,14796-8.txt,duda
1418,14796-8.txt,cierto
1419,14796-8.txt,debeis
1420,14796-8.txt,ignorar
1421,14796-8.txt,cervantes
1422,14796-8.txt,herido
1423,14796-8.txt,cautivo
1424,14796-8.txt,inhospitalario
1425,14796-8.txt,suelo
1426,14796-8.txt,africa
1427,14796-8.txt,apuro
1428,14796-8.txt,heces
1429,14796-8.txt,caliz
1430,14796-8.txt,amargura
1431,14796-8.txt,viviendo
1432,14796-8.txt,continua
1433,14796-8.txt,amenaza
1434,14796-8.txt,muerte
1435,14796-8.txt,jupiter
1436,14796-8.txt,hace
1437,14796-8.txt,demostraciones
1438,14796-8.txt,conforme
1439,14796-8.txt,minerva
1440,14796-8.txt,marte
1441,14796-8.txt,levanta
1442,14796-8.txt,habla
1443,14796-8.txt,voz
1444,14796-8.txt,atronadora
1445,14796-8.txt,iracunda
1446,14796-8.txt,lanza
1447,14796-8.txt,jamas
1448,14796-8.txt,mientras
1449,14796-8.txt,gota
1450,14796-8.txt,sangre
1451,14796-8.txt,inmortal
1452,14796-8.txt,aliente
1453,14796-8.txt,venas
1454,14796-8.txt,cervantes
1455,14796-8.txt,triunfara
1456,14796-8.txt,permitir
1457,14796-8.txt,libro
1458,14796-8.txt,echa
1459,14796-8.txt,suelo
1460,14796-8.txt,gloria
1461,14796-8.txt,ridiculiza
1462,14796-8.txt,hazanas
1463,14796-8.txt,alce
1464,14796-8.txt,victorioso
1465,14796-8.txt,jupiter
1466,14796-8.txt,ayude
1467,14796-8.txt,tiempo
1468,14796-8.txt,atiende
1469,14796-8.txt,pues
1470,14796-8.txt,ahora
1471,14796-8.txt,razones
1472,14796-8.txt,juno
1473,14796-8.txt,exaltada
1474,14796-8.txt,oyes
1475,14796-8.txt,justiciero
1476,14796-8.txt,jove
1477,14796-8.txt,razones
1478,14796-8.txt,valeroso
1479,14796-8.txt,marte
1480,14796-8.txt,tan
1481,14796-8.txt,sensato
1482,14796-8.txt,esforzado
1483,14796-8.txt,luz
1484,14796-8.txt,verdad
1485,14796-8.txt,campean
1486,14796-8.txt,palabras
1487,14796-8.txt,pues
1488,14796-8.txt,dejaremos
1489,14796-8.txt,hombre
1490,14796-8.txt,cuya
1491,14796-8.txt,gloria
1492,14796-8.txt,tiempo
1493,14796-8.txt,respeto
1494,14796-8.txt,diga
1495,14796-8.txt,saturno
1496,14796-8.txt,vea
1497,14796-8.txt,pospuesto
1498,14796-8.txt,advenedizo
1499,14796-8.txt,manco
1500,14796-8.txt,sarcasmo
1501,14796-8.txt,sociedad
1502,14796-8.txt,marte
1503,14796-8.txt,si
1504,14796-8.txt,padre
1505,14796-8.txt,dioses
1506,14796-8.txt,hombres
1507,14796-8.txt,dudas
1508,14796-8.txt,fuerza
1509,14796-8.txt,razonamientos
1510,14796-8.txt,pregunta
1511,14796-8.txt,si
1512,14796-8.txt,atreve
1513,14796-8.txt,sostener
1514,14796-8.txt,brazo
1515,14796-8.txt,adelanta
1516,14796-8.txt,arrogante
1517,14796-8.txt,medio
1518,14796-8.txt,desafiando
1519,14796-8.txt,mirada
1520,14796-8.txt,blandiendo
1521,14796-8.txt,acero
1522,14796-8.txt,minerva
1523,14796-8.txt,rostro
1524,14796-8.txt,altanero
1525,14796-8.txt,mirada
1526,14796-8.txt,reluciente
1527,14796-8.txt,da
1528,14796-8.txt,paso
1529,14796-8.txt,exclama
1530,14796-8.txt,voz
1531,14796-8.txt,tranquila
1532,14796-8.txt,temerario
1533,14796-8.txt,marte
1534,14796-8.txt,olvidas
1535,14796-8.txt,campos
1536,14796-8.txt,troyanos
1537,14796-8.txt,do
1538,14796-8.txt,herido
1539,14796-8.txt,simple
1540,14796-8.txt,mortal
1541,14796-8.txt,si
1542,14796-8.txt,razones
1543,14796-8.txt,fundan
1544,14796-8.txt,espada
1545,14796-8.txt,mias
1546,14796-8.txt,temeran
1547,14796-8.txt,combatirte
1548,14796-8.txt,terreno
1549,14796-8.txt,tache
1550,14796-8.txt,imprudente
1551,14796-8.txt,quiero
1552,14796-8.txt,demostrarte
1553,14796-8.txt,equivocas
1554,14796-8.txt,cervantes
1555,14796-8.txt,siguio
1556,14796-8.txt,banderas
1557,14796-8.txt,sirvio
1558,14796-8.txt,heroicamente
1559,14796-8.txt,aguas
1560,14796-8.txt,lepanto
1561,14796-8.txt,vida
1562,14796-8.txt,perdiera
1563,14796-8.txt,si
1564,14796-8.txt,destino
1565,14796-8.txt,dedicase
1566,14796-8.txt,fin
1567,14796-8.txt,mas
1568,14796-8.txt,grande
1569,14796-8.txt,si
1570,14796-8.txt,tiro
1571,14796-8.txt,espada
1572,14796-8.txt,coger
1573,14796-8.txt,pluma
1574,14796-8.txt,voluntad
1575,14796-8.txt,inmortales
1576,14796-8.txt,despreciarte
1577,14796-8.txt,tal
1578,14796-8.txt,vez
1579,14796-8.txt,imaginado
1580,14796-8.txt,loco
1581,14796-8.txt,desvario
1582,14796-8.txt,mas
1583,14796-8.txt,blandamente
1584,14796-8.txt,anade
1585,14796-8.txt,pues
1586,14796-8.txt,ingrato
1587,14796-8.txt,cuyo
1588,14796-8.txt,magnanimo
1589,14796-8.txt,corazon
1590,14796-8.txt,inaccesible
1591,14796-8.txt,rencor
1592,14796-8.txt,odiosas
1593,14796-8.txt,pasiones
1594,14796-8.txt,puso
1595,14796-8.txt,ridiculo
1596,14796-8.txt,caballeria
1597,14796-8.txt,conveniente
1598,14796-8.txt,siglo
1599,14796-8.txt,ademas
1600,14796-8.txt,luchas
1601,14796-8.txt,honran
1602,14796-8.txt,sino
1603,14796-8.txt,batallas
1604,14796-8.txt,campales
1605,14796-8.txt,sabes
1606,14796-8.txt,bien
1607,14796-8.txt,razones
1608,14796-8.txt,si
1609,14796-8.txt,convencen
1610,14796-8.txt,acepto
1611,14796-8.txt,reto
1612,14796-8.txt,dijo
1613,14796-8.txt,suele
1614,14796-8.txt,caliginosa
1615,14796-8.txt,nube
1616,14796-8.txt,cargada
1617,14796-8.txt,rayos
1618,14796-8.txt,acercarse
1619,14796-8.txt,medio
1620,14796-8.txt,oceano
1621,14796-8.txt,cielo
1622,14796-8.txt,encapota
1623,14796-8.txt,asi
1624,14796-8.txt,minerva
1625,14796-8.txt,camina
1626,14796-8.txt,lentamente
1627,14796-8.txt,embrazando
1628,14796-8.txt,formidable
1629,14796-8.txt,escudo
1630,14796-8.txt,enristrando
1631,14796-8.txt,lanza
1632,14796-8.txt,mensajera
1633,14796-8.txt,terrible
1634,14796-8.txt,destruccion
1635,14796-8.txt,tranquila
1636,14796-8.txt,mirada
1637,14796-8.txt,aterradora
1638,14796-8.txt,voz
1639,14796-8.txt,sonido
1640,14796-8.txt,infunde
1641,14796-8.txt,pavor
1642,14796-8.txt,belona
1643,14796-8.txt,pone
1644,14796-8.txt,lado
1645,14796-8.txt,iracundo
1646,14796-8.txt,marte
1647,14796-8.txt,dispuesto
1648,14796-8.txt,ayudarle
1649,14796-8.txt,apolo
1650,14796-8.txt,ver
1651,14796-8.txt,actitud
1652,14796-8.txt,belona
1653,14796-8.txt,suelta
1654,14796-8.txt,lira
1655,14796-8.txt,coge
1656,14796-8.txt,arco
1657,14796-8.txt,arranca
1658,14796-8.txt,dorada
1659,14796-8.txt,aljaba
1660,14796-8.txt,flecha
1661,14796-8.txt,colocandose
1662,14796-8.txt,lado
1663,14796-8.txt,minerva
1664,14796-8.txt,tiende
1665,14796-8.txt,arco
1666,14796-8.txt,dispuesto
1667,14796-8.txt,disparar
1668,14796-8.txt,olimpo
1669,14796-8.txt,proximo
1670,14796-8.txt,desplomarse
1671,14796-8.txt,estremece
1672,14796-8.txt,luz
1673,14796-8.txt,dia
1674,14796-8.txt,obscurece
1675,14796-8.txt,dioses
1676,14796-8.txt,tiemblan
1677,14796-8.txt,jupiter
1678,14796-8.txt,enojado
1679,14796-8.txt,blande
1680,14796-8.txt,rayo
1681,14796-8.txt,grita
1682,14796-8.txt,asientos
1683,14796-8.txt,minerva
1684,14796-8.txt,apolo
1685,14796-8.txt,marte
1686,14796-8.txt,belona
1687,14796-8.txt,irriteis
1688,14796-8.txt,colera
1689,14796-8.txt,celeste
1690,14796-8.txt,suelen
1691,14796-8.txt,carniceras
1692,14796-8.txt,terribles
1693,14796-8.txt,fieras
1694,14796-8.txt,encerradas
1695,14796-8.txt,jaula
1696,14796-8.txt,hierro
1697,14796-8.txt,obedecer
1698,14796-8.txt,sumisas
1699,14796-8.txt,voz
1700,14796-8.txt,esforzado
1701,14796-8.txt,domador
1702,14796-8.txt,asi
1703,14796-8.txt,aquellos
1704,14796-8.txt,dioses
1705,14796-8.txt,ocupan
1706,14796-8.txt,respectivamente
1707,14796-8.txt,puestos
1708,14796-8.txt,amedrentados
1709,14796-8.txt,amenaza
1710,14796-8.txt,hijo
1711,14796-8.txt,cibeles
1712,14796-8.txt,ver
1713,14796-8.txt,obediencia
1714,14796-8.txt,mas
1715,14796-8.txt,blandamente
1716,14796-8.txt,anade
1717,14796-8.txt,terminare
1718,14796-8.txt,contienda
1719,14796-8.txt,justicia
1720,14796-8.txt,pesara
1721,14796-8.txt,libros
1722,14796-8.txt,recta
1723,14796-8.txt,imparcialidad
1724,14796-8.txt,diga
1725,14796-8.txt,seguira
1726,14796-8.txt,mundo
1727,14796-8.txt,mientras
1728,14796-8.txt,acatareis
1729,14796-8.txt,inmutable
1730,14796-8.txt,fallo
1731,14796-8.txt,justicia
1732,14796-8.txt,desciende
1733,14796-8.txt,asiento
1734,14796-8.txt,coloca
1735,14796-8.txt,medio
1736,14796-8.txt,concurso
1737,14796-8.txt,sosteniendo
1738,14796-8.txt,siempre
1739,14796-8.txt,imparciat
1740,14796-8.txt,balanza
1741,14796-8.txt,mientras
1742,14796-8.txt,mercurio
1743,14796-8.txt,coloca
1744,14796-8.txt,platillos
1745,14796-8.txt,eneida
1746,14796-8.txt,quijote
1747,14796-8.txt,despues
1748,14796-8.txt,oscilar
1749,14796-8.txt,tiempo
1750,14796-8.txt,aguja
1751,14796-8.txt,marcara
1752,14796-8.txt,fin
1753,14796-8.txt,medio
1754,14796-8.txt,declarando
1755,14796-8.txt,iguales
1756,14796-8.txt,venus
1757,14796-8.txt,asombra
1758,14796-8.txt,calla
1759,14796-8.txt,mercurio
1760,14796-8.txt,quita
1761,14796-8.txt,platillo
1762,14796-8.txt,eneida
1763,14796-8.txt,substituyendola
1764,14796-8.txt,iliada
1765,14796-8.txt,sonrisa
1766,14796-8.txt,dibuja
1767,14796-8.txt,labios
1768,14796-8.txt,juno
1769,14796-8.txt,sonrisa
1770,14796-8.txt,disipa
1771,14796-8.txt,rapidamente
1772,14796-8.txt,ve
1773,14796-8.txt,subir
1774,14796-8.txt,bajar
1775,14796-8.txt,dos
1776,14796-8.txt,platillos
1777,14796-8.txt,quijote
1778,14796-8.txt,iliada
1779,14796-8.txt,estan
1780,14796-8.txt,suspensos
1781,14796-8.txt,estan
1782,14796-8.txt,animos
1783,14796-8.txt,ninguno
1784,14796-8.txt,habla
1785,14796-8.txt,ninguno
1786,14796-8.txt,respira
1787,14796-8.txt,ve
1788,14796-8.txt,volar
1789,14796-8.txt,cefiro
1790,14796-8.txt,inmediatamente
1791,14796-8.txt,posa
1792,14796-8.txt,rama
1793,14796-8.txt,arbol
1794,14796-8.txt,aguardar
1795,14796-8.txt,tambien
1796,14796-8.txt,decision
1797,14796-8.txt,destino
1798,14796-8.txt,fin
1799,14796-8.txt,ambos
1800,14796-8.txt,platillos
1801,14796-8.txt,detienen
1802,14796-8.txt,misma
1803,14796-8.txt,altura
1804,14796-8.txt,alli
1805,14796-8.txt,permanecen
1806,14796-8.txt,fijos
1807,14796-8.txt,jupiter
1808,14796-8.txt,voz
1809,14796-8.txt,solemne
1810,14796-8.txt,dioses
1811,14796-8.txt,diosas
1812,14796-8.txt,justicia
1813,14796-8.txt,cree
1814,14796-8.txt,iguales
1815,14796-8.txt,doblad
1816,14796-8.txt,pues
1817,14796-8.txt,frente
1818,14796-8.txt,demos
1819,14796-8.txt,homero
1820,14796-8.txt,trompa
1821,14796-8.txt,virgilio
1822,14796-8.txt,lira
1823,14796-8.txt,cervantes
1824,14796-8.txt,lauro
1825,14796-8.txt,mientras
1826,14796-8.txt,fama
1827,14796-8.txt,publicara
1828,14796-8.txt,mundo
1829,14796-8.txt,sentencia
1830,14796-8.txt,destino
1831,14796-8.txt,cantor
1832,14796-8.txt,apolo
1833,14796-8.txt,entonara
1834,14796-8.txt,himno
1835,14796-8.txt,nuevo
1836,14796-8.txt,astro
1837,14796-8.txt,hoy
1838,14796-8.txt,brillara
1839,14796-8.txt,cielo
1840,14796-8.txt,gloria
1841,14796-8.txt,ocupara
1842,14796-8.txt,asiento
1843,14796-8.txt,templo
1844,14796-8.txt,inmortalidad
1845,14796-8.txt,apolo
1846,14796-8.txt,pulsa
1847,14796-8.txt,lira
1848,14796-8.txt,cuyo
1849,14796-8.txt,sonido
1850,14796-8.txt,ilumina
1851,14796-8.txt,olimpo
1852,14796-8.txt,entona
1853,14796-8.txt,himno
1854,14796-8.txt,gloria
1855,14796-8.txt,resuena
1856,14796-8.txt,majestuoso
1857,14796-8.txt,coliseo
1858,14796-8.txt,salve
1859,14796-8.txt,oh
1860,14796-8.txt,mas
1861,14796-8.txt,grande
1862,14796-8.txt,hombres
1863,14796-8.txt,hijo
1864,14796-8.txt,predilecto
1865,14796-8.txt,musas
1866,14796-8.txt,foco
1867,14796-8.txt,intensa
1868,14796-8.txt,luz
1869,14796-8.txt,alumbrara
1870,14796-8.txt,mundos
1871,14796-8.txt,salve
1872,14796-8.txt,loor
1873,14796-8.txt,nombre
1874,14796-8.txt,hermosa
1875,14796-8.txt,lumbrera
1876,14796-8.txt,cuyo
1877,14796-8.txt,derredor
1878,14796-8.txt,giraran
1879,14796-8.txt,futuro
1880,14796-8.txt,mil
1881,14796-8.txt,inteligencias
1882,14796-8.txt,admiradoras
1883,14796-8.txt,gloria
1884,14796-8.txt,salve
1885,14796-8.txt,grandiosa
1886,14796-8.txt,obra
1887,14796-8.txt,mano
1888,14796-8.txt,potente
1889,14796-8.txt,orgullo
1890,14796-8.txt,espanas
1891,14796-8.txt,flor
1892,14796-8.txt,mas
1893,14796-8.txt,hermosa
1894,14796-8.txt,cine
1895,14796-8.txt,sienes
1896,14796-8.txt,saludo
1897,14796-8.txt,eclipsaras
1898,14796-8.txt,glorias
1899,14796-8.txt,antiguedad
1900,14796-8.txt,nombre
1901,14796-8.txt,escrito
1902,14796-8.txt,letras
1903,14796-8.txt,oro
1904,14796-8.txt,templo
1905,14796-8.txt,inmortalidad
1906,14796-8.txt,sera
1907,14796-8.txt,desesperacion
1908,14796-8.txt,demas
1909,14796-8.txt,ingenios
1910,14796-8.txt,gigante
1911,14796-8.txt,poderoso
1912,14796-8.txt,seras
1913,14796-8.txt,invencible
1914,14796-8.txt,colocado
1915,14796-8.txt,soberbio
1916,14796-8.txt,monumento
1917,14796-8.txt,medio
1918,14796-8.txt,siglo
1919,14796-8.txt,todas
1920,14796-8.txt,miradas
1921,14796-8.txt,encontraran
1922,14796-8.txt,brazo
1923,14796-8.txt,poderoso
1924,14796-8.txt,vencera
1925,14796-8.txt,enemigos
1926,14796-8.txt,voraz
1927,14796-8.txt,incendio
1928,14796-8.txt,consume
1929,14796-8.txt,seca
1930,14796-8.txt,pajilla
1931,14796-8.txt,id
1932,14796-8.txt,inspiradas
1933,14796-8.txt,musas
1934,14796-8.txt,cogiendo
1935,14796-8.txt,oloroso
1936,14796-8.txt,mirto
1937,14796-8.txt,laurel
1938,14796-8.txt,bello
1939,14796-8.txt,rosas
1940,14796-8.txt,purpurinas
1941,14796-8.txt,tejed
1942,14796-8.txt,honor
1943,14796-8.txt,cervantes
1944,14796-8.txt,inmortales
1945,14796-8.txt,coronas
1946,14796-8.txt,pan
1947,14796-8.txt,silenos
1948,14796-8.txt,faunos
1949,14796-8.txt,alegres
1950,14796-8.txt,satiros
1951,14796-8.txt,danzad
1952,14796-8.txt,alfombra
1953,14796-8.txt,umbrosos
1954,14796-8.txt,bosques
1955,14796-8.txt,nereidas
1956,14796-8.txt,nayades
1957,14796-8.txt,bulliciosas
1958,14796-8.txt,ondinas
1959,14796-8.txt,juguetonas
1960,14796-8.txt,ninfas
1961,14796-8.txt,esparciendo
1962,14796-8.txt,mil
1963,14796-8.txt,aromosas
1964,14796-8.txt,flores
1965,14796-8.txt,embelleceran
1966,14796-8.txt,cantos
1967,14796-8.txt,soledad
1968,14796-8.txt,mares
1969,14796-8.txt,lagunas
1970,14796-8.txt,cascadas
1971,14796-8.txt,rios
1972,14796-8.txt,agitaran
1973,14796-8.txt,clara
1974,14796-8.txt,superficie
1975,14796-8.txt,fuentes
1976,14796-8.txt,variados
1977,14796-8.txt,juegos
1978,14796-8.txt,ponen
1979,14796-8.txt,danzar
1980,14796-8.txt,musas
1981,14796-8.txt,ninfas
1982,14796-8.txt,nayades
1983,14796-8.txt,etc
1984,14796-8.txt,tambien
1985,14796-8.txt,baco
1986,14796-8.txt,momo
1987,14796-8.txt,sileno
1988,14796-8.txt,ganimedes
1989,14796-8.txt,siendo
1990,14796-8.txt,principal
1991,14796-8.txt,bailarina
1992,14796-8.txt,musa
1993,14796-8.txt,terpsicore
1994,14796-8.txt,apolo
1995,14796-8.txt,erato
1996,14796-8.txt,tocan
1997,14796-8.txt,lira
1998,14796-8.txt,euterpe
1999,14796-8.txt,flauta
2000,14796-8.txt,clio
2001,14796-8.txt,trompeta
2002,14796-8.txt,caliope
2003,14796-8.txt,clarin
2004,14796-8.txt,entretanto
2005,14796-8.txt,dioses
2006,14796-8.txt,diosas
2007,14796-8.txt,ponen
2008,14796-8.txt,ambos
2009,14796-8.txt,lados
2010,14796-8.txt,escenario
2011,14796-8.txt,tronos
2012,14796-8.txt,asientos
2013,14796-8.txt,transportados
2014,14796-8.txt,tambien
2015,14796-8.txt,lado
2016,14796-8.txt,toca
2017,14796-8.txt,marcha
2018,14796-8.txt,filipina
2019,14796-8.txt,abre
2020,14796-8.txt,segundo
2021,14796-8.txt,telon
2022,14796-8.txt,vera
2023,14796-8.txt,aparecer
2024,14796-8.txt,fondo
2025,14796-8.txt,iluminado
2026,14796-8.txt,fantasticamente
2027,14796-8.txt,busto
2028,14796-8.txt,cervantes
2029,14796-8.txt,cuyo
2030,14796-8.txt,lado
2031,14796-8.txt,izquierdo
2032,14796-8.txt,halla
2033,14796-8.txt,estatua
2034,14796-8.txt,cuerpo
2035,14796-8.txt,entero
2036,14796-8.txt,rizal
2037,14796-8.txt,coronandolo
2038,14796-8.txt,sera
2039,14796-8.txt,substituida
2040,14796-8.txt,entonces
2041,14796-8.txt,marcha
2042,14796-8.txt,nacional
2043,14796-8.txt,filipina
2044,14796-8.txt,marcha
2045,14796-8.txt,real
2046,14796-8.txt,espanola
2047,14796-8.txt,telon
2048,14796-8.txt,notas
2049,14796-8.txt,pie
2050,14796-8.txt,pagina
2051,14796-8.txt,vide
2052,14796-8.txt,revista
2053,14796-8.txt,liceo
2054,14796-8.txt,artisticoliterario
2055,14796-8.txt,manila
2056,14796-8.txt,abril
2057,14796-8.txt,p
2058,14796-8.txt,pudiendo
2059,14796-8.txt,leerse
2060,14796-8.txt,integra
2061,14796-8.txt,obra
2062,14796-8.txt,heroe
2063,14796-8.txt,p
2064,14796-8.txt,musas
2065,14796-8.txt,nueve
2066,14796-8.txt,hermanas
2067,14796-8.txt,hijas
2068,14796-8.txt,jupiter
2069,14796-8.txt,mnemosina
2070,14796-8.txt,diosa
2071,14796-8.txt,memoria
2072,14796-8.txt,aqui
2073,14796-8.txt,nombres
2074,14796-8.txt,ocho
2075,14796-8.txt,aqui
2076,14796-8.txt,citan
2077,14796-8.txt,caliope
2078,14796-8.txt,musa
2079,14796-8.txt,poesia
2080,14796-8.txt,heroica
2081,14796-8.txt,melpomene
2082,14796-8.txt,musa
2083,14796-8.txt,trajedia
2084,14796-8.txt,talia
2085,14796-8.txt,musa
2086,14796-8.txt,comedia
2087,14796-8.txt,polimnia
2088,14796-8.txt,musa
2089,14796-8.txt,retorica
2090,14796-8.txt,erato
2091,14796-8.txt,musa
2092,14796-8.txt,poesia
2093,14796-8.txt,lirica
2094,14796-8.txt,euterpe
2095,14796-8.txt,musa
2096,14796-8.txt,canto
2097,14796-8.txt,musica
2098,14796-8.txt,urania
2099,14796-8.txt,musa
2100,14796-8.txt,astronomia
2101,14796-8.txt,clio
2102,14796-8.txt,musa
2103,14796-8.txt,historia
2104,14796-8.txt,terpsicore
2105,14796-8.txt,musa
2106,14796-8.txt,danza
2107,14796-8.txt,ultima
2108,14796-8.txt,nueve
2109,14796-8.txt,hermanas
